,PC1,PC2,PC3,PC4,PC5,PC6,PC7,PC8,PC9,PC10,PC11,PC12,PC13,PC14,PC15,PC16,PC17,PC18,PC19,PC20
MolLogP,0.06673018257431916,0.05762161143371621,-0.11367015516092646,0.1409543439937276,-0.04024278582360632,-0.006153868493984126,-0.26807986919470644,-0.0924074646720916,0.10918752813182539,-0.2886488551860235,0.003493902772409141,0.0783734171686902,-0.003534841970270505,-0.04744703382029978,-0.10685291636840542,0.02577877441791801,0.020781616389045614,0.036501470561972636,-0.005429295779306855,-0.09915614945610803
HeavyAtomCount,0.17237820164939222,0.012144757792250882,-0.004796329801692256,0.034970959956269976,0.003234319339271846,-0.022773113362118024,-0.02894556128812331,-0.01315897600418374,0.01983297127407086,0.01726759940102998,-0.002454181818547374,-0.00025678542480465916,0.010751784269313178,-0.005752244978005798,0.005327226174302341,0.0044530368748362005,-0.015520834568669655,0.0014110418687732825,0.032203204273226926,-0.015743872597721566
HeavyAtomMolWt,0.17049513930625793,-0.017895281452331963,0.005379731693986867,0.013561188986631889,-0.05041898050361991,-0.004817455937974837,-0.000521992284277184,-0.03502276670350161,0.04522566486946521,0.007026136531781552,-0.009914525023809713,-0.0197099478210198,0.005487754003420442,0.0060289700501609065,-0.03673954295861441,-0.012650260203333187,0.01352300921883255,-0.006263380809327073,-0.008437631182766768,-0.01987939493465503
HAccept,0.12318089229663257,-0.09686538772891373,-0.024737022578575685,0.02272587930788761,0.051166198715541324,-0.13838813962864277,0.10214895863237439,0.12079509937395863,0.07787833769462403,0.16584306094031875,0.09865197005420484,-0.15041958585946322,-0.05630087573964736,8.309199311685306e-05,-0.03559473406409117,0.02021284110821897,-0.07274169640449078,-0.0029893653796362676,0.021732136574351222,-0.006106528755790902
Heteroatoms,0.14288578974547217,-0.1441949906828096,0.0649760625912541,0.03178931401605156,-0.04360151449557431,0.009640347675652444,0.06537103301083128,-0.0017615354723870685,0.09722656646340308,0.0665810021710796,0.006675211989170128,-0.05596714736175913,-0.00738984115977507,0.044784278248496484,-0.026206176391481956,-0.005703493308043275,-0.05706822770257245,-0.030430894974362244,-0.02265284206173942,0.01429714128551099
HDonor,0.02819136518761825,0.16627204127598724,0.18495213887568002,0.004178736350705092,0.09833607029959412,0.019626021608665032,0.09017032277140602,0.007932787847204026,0.16466926140411992,0.07303607423966016,-0.21813310681209772,-0.050174489996131,-0.13326350541410534,0.11731377560363596,0.0055008995860989784,-0.09306352103914874,-0.0024786039149593472,0.005992517446135465,-0.20117077295042807,0.09365824537588714
MolWt,0.17178778251414872,-0.009210668291996238,0.002310967294736184,0.010035105753221835,-0.035142809165312705,-0.001213971630267062,-0.0016090660197617956,-0.03355630237402965,0.04118357180469376,0.004980705212805581,-0.0036981132423892322,-0.019150735701996838,0.0036170866473140243,0.0028266078836377655,-0.033431653704105876,-0.014849034545123523,0.014165636184981352,-0.0037582007884035887,-0.005323975620157772,-0.02101677067367408
MolMR,0.16814080741225554,0.0688978341555384,-0.03710939865829824,0.012782238871677398,0.005209037447008402,-0.01730071763198861,-0.01702403430778876,-0.019316703336508752,0.011830663147607182,0.007235498557781578,0.021339682325046884,-0.01045378810984221,-0.006880998498070071,-0.0040423290705964635,-0.016311092075919048,-0.008062263118113852,-0.0010957302669728887,0.027734933973725513,0.013243140552684041,-0.02026320080131193
RotableBonds,0.1109157691096001,0.13266559026787772,0.12302615795244642,0.03814106263388825,0.10662354363230464,0.03716002951965401,-0.012053900794755726,0.006734537066347579,0.0700741073508705,-0.021191866590414946,0.07653746210050079,-0.02289028950517419,-0.1090962577845328,-0.1485665522224635,-0.1232773606328148,0.002803240511003148,-0.057718770139432336,-0.02326794396128315,0.08135864783192373,-0.08276911219776287
RingCount,0.12355229243099679,-0.05777087398279135,-0.16472188980709168,-0.03386812474908035,-0.07054488488203398,-0.10262393741510298,-0.05014841587876262,0.09679929169946173,-0.08289925018788913,-0.00017146076859694825,-0.1531879784084896,0.001476314984191457,0.05051546607928113,0.051515286765069,0.04474832893787267,0.04980125258254387,0.039861697182117205,-0.005070764225870633,-0.0701300680950723,0.05117565143129332
Ipc,0.025009384025022865,0.0220286445810412,0.0495642439995302,-0.001453676740747277,0.06251206321870786,-0.02944872127738707,0.019003779200826784,-0.04458352236157398,0.11928419671420348,0.17220286194051707,0.16530669492956726,0.09625927794303271,-0.13364725053549797,0.12626462518612816,0.20124501893820776,0.5235866016568083,0.6107137380876719,-0.05239929534222306,0.023158765757565744,-0.09736041918295718
HallKierAlpha,-0.07263225585341218,-0.07793760005612971,-0.0884982251686993,-0.19109710824028367,0.01795148242334744,0.23275269674450494,0.09204940639863801,-0.06808805999175804,0.004847487161397733,-0.1343367194749986,0.03169541335341178,0.0013054162336754993,-0.11120961259417816,-0.009037650441939993,-0.08167663690236998,-0.07235408633070152,0.09935503769577209,-0.013730487980893522,-0.09706056899867746,-0.012172445169029374
NumValenceElectrons,0.17284750106237484,0.005570631867123897,0.002873637130858422,0.025400554035292087,0.02501405867498522,0.003636782723712595,-0.01803414672118052,-0.017818249471786007,0.022014974036154933,0.007111795177612568,0.01150655444331175,-0.0022138929056886025,0.0017231440019389102,-0.007154309528673755,0.002010884591940043,-0.00562895218340017,-0.011687341224505807,-0.0022161989333636944,0.02978520771421949,-0.020133971535754552
SaturatedRings,0.06703920007298718,-0.12643292590040486,-0.030171235498552156,-0.24184733323467492,0.05600539968149629,-0.07243973167283799,-0.032696405292906516,-0.0559407135278181,-0.15159684260930884,-0.0367485596861932,-0.18097786366339177,0.002839190830934535,0.0614624158362217,0.010490980970082914,0.05198465455881458,0.07100912255892682,0.01972704844201642,0.08651433698121476,0.014694787751614589,0.010452740389001625
AliphaticRings,0.09603365172678975,-0.10653659586775578,-0.09386328915271565,-0.20663876986138754,0.040851059993172484,-0.00045040415620207705,0.014807332890469808,-0.008741090114663008,-0.14685602673121134,-0.03408768009858208,-0.19426028054858804,-0.008598111082919524,0.05017484783811575,0.02844274121903223,0.06988841226706882,0.05074970602273343,0.05862629284072421,0.01752944015884972,-0.003387157501069367,0.02994525084992941
AromaticRings,0.058831637799173504,0.04961884180561937,-0.12119600484000238,0.20951808839000918,-0.15332963792994939,-0.1481225676928585,-0.09118719035817038,0.1511857935326742,0.06366744990148032,0.04240890328292077,0.02115164439702012,0.012898628282784111,0.010400287327674,0.039044431330037876,-0.02262495671163469,0.008646124959895952,-0.015611513457369684,-0.029283094308493227,-0.09736892654637425,0.036672111717304945
FpDensityMorgan1,-0.09934135451905321,-0.16375343956316593,-0.02162357869510678,-0.04906719766773751,-0.013006847668532258,-0.10543757126468356,0.14014455637427028,0.06936681782871604,0.2304020563398884,-0.04635775524221261,0.01580970020695901,-0.05863813229671366,0.027839937902832526,-0.09624731658703056,0.009883768682999616,-0.032600214810342136,0.06493487960267014,0.0659113972593565,-0.042466213635758976,-0.07108185289811603
FpDensityMorgan2,-0.08491989540545285,-0.14495599945115595,-0.086382115892582,-0.02662120258839296,-0.014525595016063913,-0.16134736266579033,0.15958497115436815,0.12913319548492697,0.22594110248600013,-0.06158709377629993,0.0478322660917731,-0.07759961225013101,0.05010748201959215,-0.12155720643257589,0.0010729223380074593,0.01832372900697396,0.035500579629330536,0.07347399842551272,0.0012064572850524653,-0.05878471754006054
FpDensityMorgan3,-0.06759302368818146,-0.10085933016410435,-0.14466442400874668,-0.003087870261115285,-0.01979575913260882,-0.18143134218808174,0.17110773315757918,0.19116730316039798,0.1528534991559937,-0.0630840929776918,0.06208658713517312,-0.09608410561618427,0.06151365348478162,-0.12290659416865857,0.028670989561619176,0.08251871122466249,0.012123453147437915,0.07306030087035668,0.03674925277560157,-0.013276357775068248
MaxAbsPartialCharge,0.03721436379759502,-0.081454491819899,0.038838615359782044,0.219563080388427,0.1156141874865163,-0.11266074601761486,0.12093009025141031,0.00791781592482329,-0.15503998185695464,-0.19139340068819727,-0.035029135881795515,-0.07441442858391077,-0.14405685371785062,-0.06162409958136797,-0.07143181388790548,-0.031163440999534827,0.14589567825128677,-0.14956998599265697,0.005710536078967425,-0.0016472317209769716
MaxPartialCharge,0.048029421974272526,-0.14824771113249727,0.07762167091523668,0.21861791201606623,0.05109088774380785,0.12312468235795608,-0.005987137016571246,0.007432248130377358,0.042447109081174314,-0.17544834277630778,-0.06258208276073784,0.03186193166232425,0.08281180788715098,-0.028957056548482296,0.09614253078334782,0.06780178712999427,-0.0017309516367098876,0.15881898535881278,-0.07185400035035729,0.09912397558652865
MinAbsPartialCharge,0.054383025662568786,-0.13122796672725057,0.07408485501572323,0.22505410855439653,0.0723551450390733,0.044990002794786536,0.04198580051209495,0.02286196040596319,0.02023499328990648,-0.18719864425913413,-0.049607720104242525,0.024881844990287748,0.08305084269137095,-0.07702331944447033,0.12432797853742375,0.05156795265304802,0.009803081015064108,0.17469244881103702,-0.10147225697146517,0.11263603815552425
MinPartialCharge,-0.03508913020070309,0.034810704816225634,-0.020867271224785138,-0.18066393578306422,-0.12511996744030532,0.21345832630973596,-0.16925417003444657,-0.024117896341783397,0.17673885509867784,0.16678097509252857,0.008615909463403792,0.08226151514571105,0.1464694848859766,0.1088245109927832,0.04829518446784342,0.05777236811983533,-0.1499171620850046,0.14469537380771014,0.018333137402860994,0.00044210501064706476
BalabanJ,-0.10267874434485665,0.017063341494507268,0.14310969381607666,0.028303966846489143,0.010429214883814509,0.13483573758553535,0.025414943248929643,-0.1302707385376164,0.15768980151599796,0.01266459779665742,0.24413993829944536,0.05343547151182475,-0.018964466790349743,-0.023981332894294903,-0.08040551019954352,-0.09904193936057021,-0.013266878060983422,-0.10005677881390368,0.03373183347842641,-0.052759721919378166
BertzCT,0.15542579848189603,-0.020971288078099108,-0.03750976676967154,0.0629658357330437,-0.11947861704941182,-0.08034278785814036,-0.053814713768632734,0.017471419100077854,0.02660966393417652,0.057864934136942985,0.012605404286054491,-0.006778084880299974,0.020750907662120843,0.02027771651075673,0.011607347833151281,-0.015405834872798896,0.001702291756261562,-0.027086411068511895,-0.056946214708075815,0.0140217994706954
Kappa1,0.16836864967880777,0.026215712076399566,0.038270388623456095,0.033876113130130565,0.03006178524673753,0.030349604189652338,-0.009760701647592917,-0.05552601123159217,0.053201977063149164,0.006836230221707033,0.05003925259253587,-0.0009078126995372599,-0.016759638671189236,-0.0251624816750258,-0.015314112180333052,-0.017090533874960706,-0.01709366439405577,0.0019343873132598444,0.047979312478450824,-0.03564440351477592
Kappa2,0.14480808994660516,0.11759400570694441,0.0345350441799974,0.05280852104913261,0.09079477756654061,0.03732292369117411,0.027361750436091983,-0.04895818893971801,0.041480410147228496,0.0009563761085119034,0.06747102662598406,-0.009627898285421656,-0.04411388132384353,-0.08914185748726955,-0.018669120828237337,0.019767733603807652,-0.07799482304931007,0.021083763276841617,0.1465475080969863,-0.02059587096755945
Kappa3,0.11072549991797763,0.13021173717083356,0.09245802953014932,0.07029808689236884,0.12498321755713043,0.10082405458049597,0.024248207446502006,-0.09514684730941697,0.08477581290551306,0.01042003536368895,0.13291230490774095,-0.05612821114652706,-0.08284036409178455,-0.12444558251541682,-0.05021819872415563,-0.039895643505235445,-0.0946591935544614,0.030807234548396345,0.09572005553665518,-0.01631914191946924
Chi0,0.1716367365510816,0.007775646568213826,0.020058061962650656,0.03883545239065317,0.004563203468484828,-0.009934196733904856,-0.02755190038547122,-0.030645120866236292,0.035648623801705255,0.01924180016107014,0.01681136251911469,0.003017018347173609,0.009878639602971431,-0.004849663256726262,-0.0006555495847985135,-0.007522812269650514,-0.011202211291538991,-0.0012631709879152853,0.027298682153673703,-0.0266931294401333
Chi1,0.1716931277283896,0.02157302126037207,-0.016659653425386077,0.03348109884911376,0.006720759653519055,-0.03234581112270951,-0.027476810026414288,-0.00416709825015499,0.011076161464544048,0.016550518027990877,-0.0111192681791578,9.639475632718905e-05,0.010203606367465767,-0.011026088925082361,0.008068310290115625,0.014657648930254868,-0.02223305791425373,0.004021010670328798,0.044655027193544555,-0.01119530356475527
Chi0n,0.16932861086712309,0.04280096199779856,-0.016458900453103834,0.021783726313043306,0.0533419707079883,-0.01362947668085167,-0.02990148120347182,-0.01787957986526089,0.013678593692826502,0.007295179804451475,0.04183350722731376,0.0009300917756570665,0.01135706359033417,-0.014597697889991192,0.005647087308621854,-0.011965281286158425,-0.0018215723643322246,0.011803752860371025,0.03100271634224061,-0.02741828731127938
Chi1n,0.16777268633274095,0.040202233285663795,-0.043187324463326,-0.007293986689185325,0.06275476562413848,-0.015827806695499054,-0.04312953358248737,0.0025856641541173423,-0.012166420704539454,-0.011460029778076032,-0.000661095701562528,0.00901208069193515,0.012185682269015922,-0.015420375729557682,0.021367935624561234,0.008695600587239394,-0.006551333552076599,0.00907154490132539,0.03369038321202947,-0.013824366703331006
Chi2n,0.1660083202148526,0.018722825627930303,-0.03539505035408488,-0.03794801860337728,0.067343192625848,-0.018905806248670585,-0.06743091096083764,-0.023902443528237075,0.005281374301184155,-0.009290051383925064,0.0018068312420984338,0.0014428759458216564,0.028574813568785017,-0.002448569602808576,0.027665484517947595,-0.026374330776588448,0.0333234113392023,0.020655057482574873,-0.02004409299627659,-0.022630352420507795
Chi3n,0.15928657589744416,-0.013834933776644104,-0.07926963997467373,-0.0686731572851851,0.04669370901430056,-0.03736212038444998,-0.07026639896201683,0.017537640985932895,-0.04940037256703803,-0.021356045392932368,-0.0708313072144154,0.03183511337431118,0.018728275171617407,0.013609402725434872,0.050275637962263586,0.016269495748299036,0.025692995622704863,-0.0102183132772847,-0.008696446705996973,-0.00039488103150888874
Chi4n,0.15374588182932825,-0.016465001680213153,-0.10291523351446628,-0.0651240469406615,0.04947703520171239,-0.02385106461137567,-0.06707839613937115,0.03655814824161233,-0.06628965477248233,-0.016673967707993852,-0.0733745962822515,0.04070369042846069,0.025534693127307984,0.02502944178757448,0.05030792044391162,0.026800924456414986,0.039761733156779326,-0.02649268081728059,-0.005983521378615405,0.023454984007186007
Chi0v,0.1719722254514663,0.03189294105550989,-0.01646298438173994,-0.00268137710824426,0.007056916307128457,-0.003173626492089097,-0.008957408205187005,-0.031965263321077485,0.027708526876406996,0.0005095312803475909,0.03943837833910044,-0.013524116100176198,-0.0031977986636586775,-0.013890109439718188,-0.023489734227520695,-0.022989109599767056,0.015519891448760174,0.015722086881557074,0.0019205644911218867,-0.02679743062913141
Chi1v,0.17009274559783416,0.010618617298522108,-0.034391497552483524,-0.040308404321591294,-0.0033877928439102773,0.03272843040066773,-0.025854870546421556,0.0031410479570972154,-0.006836278522138334,0.012187345386739637,0.02451832465029992,-0.0372214818723486,-0.03870189999295822,-0.02602846651417462,-0.0253712066176778,-0.03692113417774723,0.018082935780379377,0.006501348244561597,-0.017941418356322368,-0.01318556980936339
Chi2v,0.16447549690794294,-0.021056295544932623,-0.01696001985618218,-0.07889628797236964,-0.02852539819873607,0.03494882752454177,-0.040397960389341896,-0.019822890201738233,-0.0033131659946192583,0.02166869469413919,0.02960154197696194,-0.05767109499486245,-0.035743814564778216,-0.016614513064934493,-0.02827100871800906,-0.07023478630377235,0.05663833781128104,0.02399944089106946,-0.06824021773132795,-0.026205303339299876
Chi3v,0.15550817193862657,-0.05676412777517505,-0.04082302671646788,-0.1123652319534873,-0.055071662130786465,0.00804473200438596,-0.03916771459023809,0.013698640003606419,-0.05589137949011017,0.008213919009463562,-0.033597256921741855,-0.03382253216811989,-0.036212044869895245,-0.0001049648741176364,-0.0035110318116952244,-0.022012501256618702,0.04937197352184468,0.02404666198543575,-0.04113680048507758,-0.02948519130540867
Chi4v,0.15070134848850733,-0.06821023579716808,-0.04992307903851409,-0.11673748784469845,-0.05495460703914643,0.017943207206245804,-0.03711942050833907,0.03012986290582576,-0.07021748798964955,0.01243876349972877,-0.04162824069966049,-0.030884786373605512,-0.02712457817908571,0.007703091779481674,-0.015051484714019084,-0.005958149795301216,0.06278579940082699,0.036557563775251024,-0.033001930496477996,-0.02106983525066593
NHOHCount,0.029002712075451652,0.16914421303316549,0.1707814377448154,0.010499318687285377,0.09204226271748887,0.02381997422082055,0.1024745830980652,-0.009891326334171596,0.17635371784064155,0.07293826140700913,-0.2159193423657587,-0.05205633776301702,-0.1407891443858757,0.15684079872282333,0.05924511772874936,-0.07928268934495261,-9.063184878370378e-05,0.01929813740318493,-0.2219488021360456,0.1222994879096783
NOCount,0.1380132877229263,-0.027738045655890574,0.07977332962904121,-0.02757771832580695,0.061278955823559404,-0.12768162907858532,0.13806785481022424,0.09831348466872751,0.029556253417044903,0.15135080709499882,0.06709214304218564,-0.10182759662503395,0.010215177125021457,-0.007785601575712498,0.06374401855607215,-0.015149598554999172,-0.06530070912879161,-0.01932254750818863,-0.005797309058794763,0.0637110549155609
FractionCSP3,0.04049815297353689,-0.07429735991631713,-0.04228842408894448,-0.19113802173088534,0.26058430517917486,0.08569573222576071,0.03253194874239906,-0.05955026968941985,-0.00828370313145715,-0.07894792971612152,0.03084693977906065,-0.006521050595760406,-0.013765426075850141,-0.06444508640077198,0.0802211703926829,-0.07192596557747087,-0.021482692171001995,-0.006118949206388562,-0.008731482619161412,-0.027411431389216295
LabuteASA,0.17259633555657863,0.026539820290988374,-0.01392239719007861,0.013944217830886235,-0.006520927224482619,-0.019869873499212792,-0.013124983772652822,-0.028757890248488256,0.026301023101543326,0.003567634970978354,0.0010584068728277786,-0.002287147063700242,0.004258552008708366,-0.010694988386265092,-0.009417433283645988,0.002184393090577982,-0.004318703802411311,0.012728667586917158,0.02365184386978797,-0.017193400175926587
PEOE_VSA1,0.08364819054454775,0.06837940632348426,0.07077940925230057,0.0471865078047683,0.19535030319031776,-0.10102761583313971,0.24031807392717897,-0.01476784495944879,-0.11033432118300907,-0.00016976375530582043,-0.10239955339876404,-0.03803051029616028,-0.003316286010706833,0.01053392455646158,0.041595329222382106,0.09692553906311756,0.026600061839130662,0.1488859885684873,-0.009110463316692644,0.037088422825772134
PEOE_VSA2,0.10616398133455768,0.07124505072211852,0.14396647175688093,-0.09570957040453239,-0.022603534583306304,-0.037037819756208026,0.068548818259976,0.0453624779400682,0.04740939061271714,0.023067770482405145,-0.03262952633138587,0.17295491248170167,0.16829617884134979,0.10552268860872265,-0.04115584770056043,-0.033584504737159605,-0.038003234914431736,-0.2036379708729308,0.18905452739221304,-0.02202983144776843
PEOE_VSA3,0.03457987355624599,-0.17022794082587395,0.042897212522255784,0.014759501171190856,-0.11630740554250792,-0.06440065561451491,-0.1292695906529899,0.008418630795503233,-0.02301648601490346,0.06563535565799598,0.282649386330257,-0.29959937818501836,-0.07534775931916741,-0.11331309370160218,0.1012003909094185,-0.00683272555675596,-0.04566639623559364,0.19713736320952915,-0.136569439775161,0.10003330059165345
PEOE_VSA4,0.021567899172628458,-0.19683534195726737,-0.0802166769731821,0.16275162819695152,0.013834422791892955,0.12998152443312713,-0.07098428670259543,-0.04672257146092124,0.16832851920922795,0.07323863400375875,-0.09844142089297074,0.027633655539744277,-0.024782558597078966,0.14280515728224263,-0.012854259859473263,-0.01172317745758054,-0.09881582097960795,-0.14322352366227772,-0.01737934211290314,-0.020369789446260864
PEOE_VSA5,0.036734299571982654,-0.04717831123885391,-0.0740450388971376,-0.02910349332736106,0.08070484304059299,0.15612932795111437,0.01807431356506403,0.21590128410490297,0.18227253210034747,0.004034155182122086,-0.06699812234307301,0.08055237973152933,-0.02888848997065651,-0.13932680618268223,-0.41654601083539905,0.07989958055953428,0.05974107070264814,0.25904244093167444,0.03675075779294491,-0.11007255861233779
PEOE_VSA6,0.026529673847333703,0.25574430348855925,0.09532416331019468,-0.0318499366057667,-0.05578012141447105,0.05631515051168768,-0.09396569289834436,-0.016538885352485634,0.016634304644015243,-0.03776063449444651,0.010816991841762682,-0.04023706033117575,0.028019567686393545,-0.20235772405981997,0.08961266267101792,0.07139438826343511,-0.012131917935257178,-0.060473415093361946,0.05513828984623427,0.061618080165126
PEOE_VSA7,0.1034842846607158,-0.012738061978335876,-0.050437231330637884,-0.03653012050869148,0.035636152208400794,-0.1342240824694147,-0.19476068069370459,-0.08588096081879903,-0.008547399895471782,-0.1804158989370465,-0.052773526316251256,0.11806721168079164,-0.0955772065688797,0.11748828843662995,-0.05750922213589385,-0.11452183756422674,0.08637580136682622,0.1783687378934112,-0.19225167204634638,-0.15590253012660404
PEOE_VSA8,0.098560537617946,0.01615180555293039,-0.21500014165838147,0.027401084974495005,-0.0006566981463621886,0.09569166666450768,0.1265182596152268,0.0019237387684859456,-0.034989475241534874,0.07203072265329258,0.03521215452641436,-0.03751436406231013,0.06817025259135487,0.14654949733626363,-0.05451280059197021,0.02577381701137199,-0.02478820824149909,0.005005884032104042,0.03971045670550413,0.07757916320890282
PEOE_VSA9,0.09243494015978805,-0.09931240376720779,-0.04648657226692906,-0.00951101429022443,-0.08355263909030335,-0.012514006289538172,0.12571309309210232,0.012402952176609583,0.08097116790099432,0.09039618845201668,-0.09329100851258917,0.1663041609086323,-0.11587823832452515,-0.23461499814909284,0.22817285226108697,-0.16821625886473326,0.04644070099890517,-0.1754299875413876,0.2272039010782223,-0.15762705788770764
PEOE_VSA10,-0.012128870462851968,-0.07758372166032206,0.15723825525858662,0.0760464322150308,0.05275096211313837,-0.24899998326685618,-0.06113905805613763,-0.1749304287879082,0.02199600699069157,0.02575614370478572,0.025681507682536422,-0.15965183819487577,0.036099812165298735,-0.15092271288192347,-0.20966569646936226,0.13368027808190167,-0.01562621483018846,0.06798809460650511,0.06768873737982246,0.025176201159754944
PEOE_VSA11,0.01481653552100174,-0.11911360300934662,0.1435040776030286,-0.07286059505889632,-0.12691401458798449,-0.09151143105790387,-0.023075258304824414,0.03860623337033517,-0.108522048744447,0.041333763506743074,0.07703760611762253,-0.22904125962178248,-0.10278755408191177,0.08145230250443887,0.13715112897251294,-0.18309773789412123,0.127931027205068,0.032375731800408966,-0.03834959609688458,-0.11364938937330023
PEOE_VSA12,0.0792175293521508,-0.023294683588823667,0.08796084623601297,-0.09240640658205732,0.05079042878165361,0.011188198130189704,0.0031509826295567775,-0.021393797105051744,-0.14692852408119816,0.2111007837975998,0.1584580241175494,0.10878390842923656,0.08618972650100029,-0.019684534371731625,-0.31372161491738854,0.2058606966544225,-0.1049592856569984,-0.2203091858649599,-0.3021164069901523,0.1916229737819539
PEOE_VSA13,0.02221517516541309,0.08449569526853185,0.11901243419846215,-0.02016187299926704,-0.006041866116993819,-0.1268334343378238,0.06068926970014924,0.3060394554054373,0.11925666140190329,-0.20946776957283414,0.0011576809141244184,0.025154340728751487,-0.012238623949719996,0.2670074989317714,0.07844139224889869,-0.14595160778778235,-0.14043103190031175,-0.09971512081857578,0.19387196865355377,-0.19918865122668922
PEOE_VSA14,0.05496502120834537,-0.09708598704032928,0.08050679498776483,0.20622992639590246,0.059071723177952236,0.1471768752004728,0.012691431764440663,-0.04701203260095255,0.07988645303318972,-0.1227114244797882,-0.06539172579464236,-0.02433961730661178,0.099895226719431,-0.049977568502753034,0.2741628150411212,0.1404315392850653,0.008076264646953761,0.1773474081031626,0.035145222629389836,0.1262357595330779
SMR_VSA1,0.11325943497889038,-0.12147114897964419,0.1777729045476271,0.07816804627731076,0.010216193461824239,0.07997348101753832,0.038205130209671465,0.02073489945571088,-0.03547539886868243,-0.026557841946496043,-0.0209256788936711,0.02576179500313792,-0.004412660756202101,-0.04630361364181942,0.020450525438509604,-0.01882305086025112,0.046004372215251436,-0.10286548298496336,0.05152454170448767,-0.032484086728444175
SMR_VSA2,-0.09729208164115498,-0.11114553401824769,-0.01377289123066857,-0.03329736889515235,0.02700204009549295,-0.1523055157937786,-0.14767651395653247,-0.22894345449693448,0.05719176710627083,0.2191190149268274,-0.11960276236406472,-0.005652289199986014,0.0014790296981531293,-0.13002848619504986,-0.0422442969277859,0.05644544726078862,-0.03184303852208582,0.10005205090707224,0.11199508819109123,-0.08683790531041087
SMR_VSA3,0.09886193808397953,-0.04690725741153764,-0.1209934314639844,0.035937149544647905,0.07603768664816296,-0.12116100201740657,0.045669836549512545,0.14568526608305632,0.21826183888411163,0.0914611178928915,0.10482992642710845,-0.0032441337918629478,0.10630197416966601,0.054256194649785684,0.009401757417071503,-0.024709358424188952,-0.13268683773349177,-0.00282981122791103,-0.11108970815186207,0.16694207243975404
SMR_VSA4,-0.0137416329882555,0.01862610922497863,0.00907112535328342,-0.012045554554872063,0.24307250488290089,-0.14075035004471617,-0.10948637138566764,-0.15326109800408094,0.018926240421458063,0.028168768050752163,0.09886118491997382,0.1695389593579968,-0.0075537378230013455,0.07224549705113169,0.23840392887402237,-0.10958629495390651,-0.07724733952874355,-0.03319000936292542,-0.15759264094963352,0.12609343935472037
SMR_VSA5,0.10748327978768263,0.007274063358204581,0.07161884804821378,-0.16247115847809268,0.13441558622783342,0.03847627196457384,-0.13799473758950054,0.04031119070902735,0.0905104490024334,-0.15769966091709103,0.022149136340103775,0.007591988570479099,0.029079931272555617,-0.12048742717448731,0.009559893881980818,-0.014550122018921847,0.1253414585411684,-0.02617569233567498,-0.11296213244710337,-0.015374848870795606
SMR_VSA6,0.08106383618093266,-0.036742761686220725,-0.17421851495987895,0.01497403078901323,0.11060865540574544,0.09393700519444047,0.1835863821649795,-0.086793664711333,-0.15610225179613027,0.10915272734492598,0.013456186824619605,-0.08083725515217567,-0.05408449005076255,0.1206933920053162,-0.03710637178489598,0.04502756727212111,-0.11908981718790343,0.09198601194678013,0.25051958304246613,-0.09372961274121158
SMR_VSA7,0.06573960695973173,0.16972437390212333,-0.0013506675508966341,0.14164699810313608,-0.2189544855695829,-0.04082589172601373,-0.0920730540002524,0.062047603227753025,0.00796826931496627,0.030077053291358534,-0.09090408079489759,-0.03855365673889878,-0.004005769279683995,-0.04387826895801588,0.014650695671528827,0.022150059971967742,-0.003820823473332194,0.04720548961619586,0.07796769831983642,0.002103152740112493
SMR_VSA9,0.0077314331682685955,-0.04936759584069115,-0.18973267375153682,0.1911305077721436,0.004376264969448552,-0.09617404784212046,-0.030572329588379816,-0.20300931630831234,0.033740685709969936,0.09024661387271099,0.04410300356581509,0.12076691802915755,-0.036990457802074016,0.0013838792518978216,-0.025124509207606806,-0.11286573240669386,0.008766185428622536,-0.1356027784665742,0.017795704370383095,0.00301034572369424
SMR_VSA10,0.11174791749326636,0.011393526037088835,0.08876942961023324,-0.11681651279859699,-0.17595722972278002,-0.05783235348471653,0.12518963234308603,-0.02784304530770547,0.026451148246640188,-0.05196473182758515,0.028090086930170222,-0.0005826657521795616,0.020015041272721006,0.07833781952019006,-0.11687084413924809,0.05428767272419679,0.0046482935328117335,0.04031237484164996,-0.1539945409671151,-0.003575348172793741
SlogP_VSA1,0.004480561358217784,0.12212441006000743,0.18748373404239543,0.03563447677196629,0.10784127213028263,-0.11097538367141158,0.09355482684507255,-0.13117524852880327,-0.027407043843953743,-0.017371333473813703,-0.13836526734761817,-0.17097377791176374,-0.0947991611705939,0.22249263634214025,-0.06530577758662919,-0.020257209142246328,-0.09367487578964408,0.09855025044044756,-0.06503856702630549,-0.0369569869979143
SlogP_VSA2,0.14455989069132877,-0.06739730438608502,-0.054751061568841596,-0.046042592352144626,0.06404855489900999,0.06259020583531152,0.15993741947046555,0.004143143079329142,-0.08930356342279094,0.10896726367942924,0.04402437855416908,-0.018084229704481036,0.005328969797328867,0.03989505618640798,-0.006841160592552093,0.007336116598020243,0.004034510077556192,0.04457985869530544,0.10688100111187977,-0.006107079955538946
SlogP_VSA3,0.1413737422821759,0.020230163120902,0.008067689246674146,0.014227062408738557,-0.05638733115527407,0.12198711167133253,0.083925241791118,0.07067986966939699,-0.0011906738457723594,0.055321402815508035,0.09186476009210427,-0.0002195580053223981,0.07745329571532804,-0.19025650550654555,0.08793712212993664,0.04996582451665695,-0.0020138491935311927,-0.15964577628800733,-0.028709259213382427,0.10184542853394704
SlogP_VSA4,-0.061479165536470586,-0.029519825237396137,-0.01554503064266913,-0.06603365986958078,0.10699826370896162,-0.16999115289590963,-0.16872037620838978,-0.3296989273828695,0.08194154208916432,0.18337476381722062,-0.05897274874157879,0.015695110597071744,0.018254837807992804,-0.10703256326244578,0.11997323297691978,-0.07429683621727948,-0.03283302544549249,0.0009223201956431865,0.09102740843951267,-0.03558229056955675
SlogP_VSA5,0.0648207995057744,0.06447773210233074,0.0061313397254097275,-0.13526296789277042,0.19167743343042382,-0.04282763844456784,-0.20961475324547924,0.09019928906978358,0.16686065875565406,-0.2284840276089709,0.055667424212013095,0.02168221687819719,-0.012292522813318845,-0.05993415721068325,0.049358554128781686,-0.004997437743455848,-0.009221177053103692,-0.06100632468690302,-0.02473992942338167,-0.04361631485908569
SlogP_VSA6,0.05643567583805929,0.16641192809150693,0.06699163733376406,0.12124080371013025,-0.20143658727290942,-0.042061230759571126,-0.1252958402399759,0.11685395498866684,-0.10391971144751645,0.06784600955973666,-0.07937373082538778,-0.048081097329166475,-0.033201271477503055,-0.049760137687607224,-0.025001115177646298,-0.04646138634651944,0.061886035712729576,0.10905873003621326,0.06164419671670232,-0.04465908441489923
SlogP_VSA7,0.060450235792208304,0.03355398488164301,-0.011740460048750257,-0.09284617426063192,-0.2530621927583621,-0.07252175566638328,0.13677917549285784,-0.23445838478425735,0.09592527866631419,-0.14386614562329708,0.005723675217395539,0.09769164640239528,-0.05654190430509927,0.0009055366782022629,0.052758554936882925,0.07346277188221248,-0.10226347028410945,-0.006947288131705037,-0.03956513228072315,0.04959794821859155
SlogP_VSA8,0.030878682832414555,-0.04563511157610904,-0.1604119401794409,0.20890277421854767,-0.0031677054436173866,-0.07674089839637535,-0.0873567149288009,0.057738049082968486,0.013246326165840245,0.04892543888467491,0.14904348878915766,0.21807318056351663,0.07625627102952914,0.06917145667026073,0.0039422187867912805,-0.05209318162200792,0.0032294997601768002,-0.08754516759558748,-0.20218935784374126,0.08840335912243094
SlogP_VSA10,0.025706366678543,-0.1830230163933763,0.04332450193130677,0.18488092136638998,0.022309802499812313,0.13862877439273003,-0.06030955398636701,-0.09255612836890408,0.050044984555075195,-0.021775044060027223,-0.1401276176761694,-0.13264093165977622,0.05331052114156489,0.21889831149720712,-0.03002335206068028,0.10480998537673523,-0.11255318542169646,0.07771952703123763,0.06340507201381461,-0.05627255648333795
SlogP_VSA11,0.0011814879381040126,-0.07170404154949392,-0.03696887230098123,0.16247093330712156,0.09421991192388107,-0.23082419961120748,0.09867993254988694,-0.09883131005866952,-0.17277923785678476,-0.15217946146269154,-0.030379605498570553,-0.0014341156392655477,-0.15109296109361725,0.012767572533980474,-0.24398892013230017,-0.05725501565864603,0.12456113635461308,-0.24764220364444267,-0.07837653922333689,-0.0759940357196782
SlogP_VSA12,0.0768495067585663,0.007635164967137995,-0.04841651230123583,-0.11258262964204964,-0.21942428281232199,-0.0038637471649061446,0.1554601681494784,-0.1439224822789987,0.18147995503313324,-0.13156084466331194,-0.06388911435588351,0.05155000626956275,-0.011054997951257447,0.007625109373671283,-0.18153450793690395,0.053026701741055705,0.040538308904360616,0.08702866343539778,-0.08367782849547137,-0.01233240190766633
EState_VSA1,0.08687541987544067,-0.09128238239797883,0.2329691105856909,-0.02830492513655204,-0.08253688470397896,0.04266202596624406,-0.0365294523456429,-0.03712101863196943,0.057888411270666,0.006146594522487932,-0.0016175751999042921,-0.0667332499807624,0.05552924172666255,0.002021212551281537,0.038429535319277446,-0.03003596657935515,0.11046791403955541,-0.11515922273475548,-0.004252095920587472,-0.03238415013514481
EState_VSA2,0.06075819410697021,-0.13095355001318712,0.11578746308375293,-0.0035005258287155805,0.024108954420035276,-0.13642743485901423,0.0002383041643355041,0.004444456056437178,-0.09448407256375882,0.08864382700012322,0.01829418158090822,0.22375013308855363,0.04005785130416676,-0.06710976074045069,-0.06339631442771608,0.07533609035801705,-0.23137878545906895,0.1486397966483674,-0.024122088525755078,-0.07364862272679003
EState_VSA3,0.0867480761254253,-0.051961474917505385,-0.13244421502402604,-0.021414906270041174,0.0989669927881088,0.07438766451627495,0.10752270177304732,-0.021399108820274043,-0.07656600539381547,0.04144976223058754,-0.07449184564210304,0.1523665878580819,-0.1476769001577595,-0.0712750995053743,-0.012656903505206528,-0.16754501039987046,-0.007382974538097768,0.21814005136039108,0.03135175952886138,0.15198696975814374
EState_VSA4,0.08099832832843144,0.04800846835651373,-0.21122439648511473,0.01827879894579723,0.05109392799765653,0.08205301291977009,0.01341941999360286,0.03906796176893225,0.023517469739300315,-0.07942403498633065,-0.029953448541404356,-0.09893401189639668,0.179146251257712,0.057736756599663173,0.025962486140522614,0.05870573698344693,-0.015398726517141081,-0.21294500753460668,-0.025903389686654246,-0.18658156540874193
EState_VSA5,0.03058047220803473,-0.04158437715876057,-0.03836979022885344,-0.05607975336349894,0.013457492247583852,0.014327216239750922,-0.25256812980983623,0.07561242561426504,0.09712347847696011,-0.1060833174206699,0.023122194427547472,-0.11784473889371026,-0.46691918205477584,0.12078457844412938,-0.08696809245149145,0.24015785603625264,-0.0925715305681641,-0.07996295466345182,0.2709270362769925,0.37545157337033036
EState_VSA6,0.026357861844808306,0.002840754327123576,0.10304066605244251,0.022271524950112875,-0.08576051397987819,-0.14692744069849237,-0.013551935383591682,0.11352289700264086,-0.04133828306471277,0.09507726206560235,0.25107627098322977,0.34560255522120586,-0.18018309282613104,0.17022859029219006,-0.004623633208623804,-0.20758163141408484,0.13696883242459715,0.32629321070471445,0.09409558479271757,0.023848030977316515
EState_VSA7,0.012505383535547374,0.23188445785278974,-0.023678369893813462,0.1028945423879039,0.01958924461458615,-0.013563869014503153,0.06301581807259342,-0.006303963317972629,-0.0561872608031136,0.02278883843857424,-0.10613997740848753,-0.08377783098908101,0.16992532863166265,-0.32300858341757477,0.0024423728266639516,-0.03902921346413268,0.03803642020835008,0.01090551192909093,-0.16372942443717464,0.028540027421149968
EState_VSA8,-0.016642203149708344,0.11239330186488966,-0.11332869678780715,-0.042231132459869626,0.050739948526789626,-0.12114266863748656,-0.0906585633486841,-0.1169924587532182,0.11726129470920944,0.03635061303092662,0.060668926049417884,-0.32461261447815276,0.16975084890887607,0.23419474914575436,-0.05088645609506249,0.0960275040221707,-0.013510749661116213,0.009789718356618578,-0.018377529171113557,-0.23663435038497518
EState_VSA9,0.06335349324083842,0.06249671890712516,-0.03384930796694733,-0.014168467613316145,-0.20013061908904942,-0.06834485387440002,0.24508225635364392,-0.26197122504006,0.06921437730181798,-0.12910678459759461,0.04341670986447671,0.05806598156726272,-0.09317238231701994,-0.055563635034802154,0.09128257590484207,0.08684014250603891,-0.07631938667932871,-0.03292567752751952,0.05372191262520076,0.06798467989027383
EState_VSA10,0.10763896834672314,-0.16025463507624194,0.15970313265436878,0.02447604396533034,-0.02141349238434818,0.09109123015732264,-0.06313723174253123,0.015747530692670975,0.017737482635866345,0.04118971537757217,-0.08593628319894125,0.07660929691677884,-0.00890378381100544,-0.0004079339959965545,0.02369303058725061,-0.002411693365413899,-0.009158907763809346,-0.07398399179472895,-0.030885789229466457,-0.08265197834619643
EState_VSA11,0.033366576914354934,-0.04130189229840655,0.04477982632848601,-0.03683043574354895,-0.01918663218407056,-0.09323497643208467,-0.044229278674212905,-0.12045435984609439,0.11439599068270767,-0.04432069512189986,-0.04833753054826636,-0.11540722568045098,0.4019712389907521,0.107883750284005,-0.17651186174636127,-0.32713338325462443,0.36946631937540103,-0.015390649652157041,0.3131469703730685,0.4704465715193343
VSA_EState1,0.07782180125977889,-0.22251805108161365,0.046125618465140246,0.11672981096935112,-0.06571966667507359,0.1448034022854536,-0.08796946565133895,-0.042528007357071185,0.005303329677482017,0.014904601639304918,0.017603555978333418,-0.05718979087116301,-0.05072042778999118,0.026543088743368127,-0.037579800203751186,-0.07113970124913782,-0.004795699089409356,-0.09272760880163243,-0.0058788300313096795,-0.04225803082215648
VSA_EState2,0.07647975266216553,0.0650804394156638,0.21619499101654785,-0.09118733557745651,0.0528317748012665,-0.12353644743096252,0.06198833912001178,0.05526960232638255,-0.047002962031759486,-0.046447550121565886,0.04255143468693717,0.12181390947002685,0.19545578141093262,0.04610677164144849,0.035496145350790854,0.13106150667162583,-0.06267860544708831,0.05504872150698926,0.07370807097053848,0.020801007253897476
VSA_EState3,-0.016416118475368783,0.009076538636831858,-0.07211125652257029,0.00017046973648379991,0.10189826923592958,-0.06075170710563285,0.0011799018904025023,0.051680064925955324,0.335713470022794,0.3007565005142765,-0.3465698928306625,0.038804430044356415,-0.15566016544556194,-0.12683294451351837,-0.0414805867679042,-0.09114880433648548,0.09856747331415067,-0.042809893920512765,-0.07663466966041792,-0.05009756627626972
VSA_EState4,0.02290778302465316,0.2003258341241084,-0.166966785027308,0.0835541463870107,-0.022033972763538037,0.05405789297487524,0.06682902005284701,0.024278155961881164,0.046010472195132344,0.04982399793573952,-0.005283565728640146,-0.0416865648368325,-0.040728730123401335,0.12979252661530688,0.18551112555906257,0.018569419951493377,0.04219411975280208,-0.008796913030438079,-0.09995682612953147,0.07477232004396704
VSA_EState5,-0.005444810193324909,0.08330229151463042,-0.24715047617040609,0.031509732873865104,-0.00974664585417367,0.0221673849020738,0.07323477870505686,-0.11128899974407196,-0.010841917361579075,-0.03559065509048218,0.0828379843972439,-0.1349750997178302,-0.15742170630897023,-0.017481908633170663,0.1204997647692033,-0.10332596890922172,-0.0500274079500067,0.030808575270065894,0.030208017569216192,0.12840461575444065
VSA_EState6,0.016333658324307155,0.23118426323167202,-0.044668707117144456,0.10419563456584949,-0.13875384602646942,-0.03977751389461484,-0.08528778648906779,0.029031957256641962,-0.18962757353957296,0.09471906148471666,-0.14673258002937192,-0.02185116187813624,0.011740502815619117,-0.08759182159574039,-0.014049437308784638,0.04763018835701735,0.058234886598845154,0.1099840797375439,0.05905391890507652,-0.07495711183446573
VSA_EState7,-0.014837050439919562,0.10756434544848126,-0.09813503950950171,-0.21201185473327122,0.11226843773568569,-0.16460775430670307,-0.07894387673107779,0.14068165919686682,0.0032694016749465356,-0.09606054166301214,0.04839497314429567,-0.07400782967127033,-0.09965248527891116,-0.11861981802069722,0.009081140494341411,0.020374805944401168,-0.084212649684322,-0.05189338793530649,0.028634162089643464,0.17549246741164046
VSA_EState8,0.046667601296113415,0.12832678998794686,-0.08146531468633793,0.030787710843698055,0.16263437590507016,0.07984270711326419,0.05742162592837812,-0.13682377030142323,0.03150084591216213,-0.012436282619269514,0.3141209910603873,-0.07325454654242311,0.10832618608102489,0.05177782104211428,0.023795747216718142,-0.14959472428059045,0.08117449676736957,0.16275175887956955,-0.06044134535200049,-0.20174152032960585
VSA_EState9,-0.06381664469943087,0.06736643436083492,-0.08126860316646357,0.11938300544957224,0.18484392683628198,-0.16416489396422188,0.05101227156718208,-0.03394427348367921,0.06332410333068568,-0.08418638256088365,-0.046146291309723496,0.23157126175312495,0.11865209621204519,0.08419413514707448,-0.036991748834826824,0.20420326093693203,-0.06208196428691319,0.043082380732137555,0.16042290122660657,0.020995518614675364
VSA_EState10,0.06689496024479112,0.0305728970796363,-0.02571031083893589,-0.10237462928763005,-0.25527967450382755,-0.0604822279028577,0.1477555362256222,-0.22388025388708485,0.12446073642555232,-0.14536085036117363,-0.011904126968598642,0.0738154090053808,-0.04063831042053335,0.010412245842427153,-0.011638495812594036,0.055398536822484815,-0.049571104527692915,0.016090554254721712,-0.06063334992134646,0.03579919311197646
pchembl,0.02295092978903028,-0.14744127646189054,0.061604258867407974,-0.05371700433218591,-0.06805890410264966,-0.1995806956696603,-0.07947735611968346,-0.006445739292095868,-0.011900580293088431,-0.06764024647892378,-0.0498834175706643,-0.03447851837687619,0.015213468916628841,-0.03928031406954968,0.19143168575640182,0.04270641851853493,-0.22273076445781875,-0.08169700792602982,-0.018063377260786648,-0.0880484832958105
